OldField,NewField,Shown,Language,Mapping
"http://rs.tdwg.org/dwc/terms/catalogNumber","http://rs.tdwg.org/dwc/terms/catalogNumber",,DBSCHEMA,INTEGER
v_abstract,v_abstract,,DBSCHEMA,TEXT
v_accessrights,v_accessrights,,DBSCHEMA,TEXT
v_accrualmethod,v_accrualmethod,,DBSCHEMA,TEXT
v_accrualperiodicity,v_accrualperiodicity,,DBSCHEMA,TEXT
v_accrualpolicy,v_accrualpolicy,,DBSCHEMA,TEXT
v_alternative,v_alternative,,DBSCHEMA,TEXT
v_audience,v_audience,,DBSCHEMA,TEXT
v_available,v_available,,DBSCHEMA,TEXT
v_bibliographiccitation,v_bibliographiccitation,,DBSCHEMA,TEXT
v_conformsto,v_conformsto,,DBSCHEMA,TEXT
v_contributor,v_contributor,,DBSCHEMA,TEXT
v_coverage,v_coverage,,DBSCHEMA,TEXT
v_created,v_created,,DBSCHEMA,TEXT
v_creator,v_creator,,DBSCHEMA,TEXT
v_date,v_date,,DBSCHEMA,TEXT
v_dateaccepted,v_dateaccepted,,DBSCHEMA,TEXT
v_datecopyrighted,v_datecopyrighted,,DBSCHEMA,TEXT
v_datesubmitted,v_datesubmitted,,DBSCHEMA,TEXT
v_description,v_description,,DBSCHEMA,TEXT
v_educationlevel,v_educationlevel,,DBSCHEMA,TEXT
v_extent,v_extent,,DBSCHEMA,TEXT
v_format,v_format,,DBSCHEMA,TEXT
v_hasformat,v_hasformat,,DBSCHEMA,TEXT
v_haspart,v_haspart,,DBSCHEMA,TEXT
v_hasversion,v_hasversion,,DBSCHEMA,TEXT
v_identifier,v_identifier,,DBSCHEMA,TEXT
v_instructionalmethod,v_instructionalmethod,,DBSCHEMA,TEXT
v_isformatof,v_isformatof,,DBSCHEMA,TEXT
v_ispartof,v_ispartof,,DBSCHEMA,TEXT
v_isreferencedby,v_isreferencedby,,DBSCHEMA,TEXT
v_isreplacedby,v_isreplacedby,,DBSCHEMA,TEXT
v_isrequiredby,v_isrequiredby,,DBSCHEMA,TEXT
v_isversionof,v_isversionof,,DBSCHEMA,TEXT
v_issued,v_issued,,DBSCHEMA,TEXT
v_language,v_language,,DBSCHEMA,TEXT
v_license,v_license,,DBSCHEMA,TEXT
v_mediator,v_mediator,,DBSCHEMA,TEXT
v_medium,v_medium,,DBSCHEMA,TEXT
v_modified,v_modified,,DBSCHEMA,TEXT
v_provenance,v_provenance,,DBSCHEMA,TEXT
v_publisher,v_publisher,,DBSCHEMA,TEXT
v_references,v_references,,DBSCHEMA,TEXT
v_relation,v_relation,,DBSCHEMA,TEXT
v_replaces,v_replaces,,DBSCHEMA,TEXT
v_requires,v_requires,,DBSCHEMA,TEXT
v_rights,v_rights,,DBSCHEMA,TEXT
v_rightsholder,v_rightsholder,,DBSCHEMA,TEXT
v_source,v_source,,DBSCHEMA,TEXT
v_spatial,v_spatial,,DBSCHEMA,TEXT
v_subject,v_subject,,DBSCHEMA,TEXT
v_tableofcontents,v_tableofcontents,,DBSCHEMA,TEXT
v_temporal,v_temporal,,DBSCHEMA,TEXT
v_title,v_title,,DBSCHEMA,TEXT
v_type,v_type,,DBSCHEMA,TEXT
v_valid,v_valid,,DBSCHEMA,TEXT
v_institutionid,v_institutionid,,DBSCHEMA,TEXT
v_collectionid,v_collectionid,,DBSCHEMA,TEXT
v_datasetid,v_datasetid,,DBSCHEMA,TEXT
v_institutioncode,v_institutioncode,,DBSCHEMA,TEXT
v_collectioncode,v_collectioncode,,DBSCHEMA,TEXT
v_datasetname,v_datasetname,,DBSCHEMA,TEXT
v_ownerinstitutioncode,v_ownerinstitutioncode,,DBSCHEMA,TEXT
v_basisofrecord,v_basisofrecord,,DBSCHEMA,TEXT
v_informationwithheld,v_informationwithheld,,DBSCHEMA,TEXT
v_datageneralizations,v_datageneralizations,,DBSCHEMA,TEXT
v_dynamicproperties,v_dynamicproperties,,DBSCHEMA,TEXT
v_occurrenceid,v_occurrenceid,,DBSCHEMA,TEXT
v_catalognumber,v_catalognumber,,DBSCHEMA,TEXT
v_recordnumber,v_recordnumber,,DBSCHEMA,TEXT
v_recordedby,v_recordedby,,DBSCHEMA,TEXT
v_individualcount,v_individualcount,,DBSCHEMA,INTEGER
v_organismquantity,v_organismquantity,,DBSCHEMA,TEXT
v_organismquantitytype,v_organismquantitytype,,DBSCHEMA,TEXT
v_sex,v_sex,,DBSCHEMA,TEXT
v_lifestage,v_lifestage,,DBSCHEMA,TEXT
v_reproductivecondition,v_reproductivecondition,,DBSCHEMA,TEXT
v_behavior,v_behavior,,DBSCHEMA,TEXT
v_establishmentmeans,v_establishmentmeans,,DBSCHEMA,TEXT
v_occurrencestatus,v_occurrencestatus,,DBSCHEMA,TEXT
v_preparations,v_preparations,,DBSCHEMA,TEXT
v_disposition,v_disposition,,DBSCHEMA,TEXT
v_associatedmedia,v_associatedmedia,,DBSCHEMA,TEXT
v_associatedreferences,v_associatedreferences,,DBSCHEMA,TEXT
v_associatedsequences,v_associatedsequences,,DBSCHEMA,TEXT
v_associatedtaxa,v_associatedtaxa,,DBSCHEMA,TEXT
v_othercatalognumbers,v_othercatalognumbers,,DBSCHEMA,TEXT
v_occurrenceremarks,v_occurrenceremarks,,DBSCHEMA,TEXT
v_organismid,v_organismid,,DBSCHEMA,INTEGER
v_organismname,v_organismname,,DBSCHEMA,TEXT
v_organismscope,v_organismscope,,DBSCHEMA,TEXT
v_associatedoccurrences,v_associatedoccurrences,,DBSCHEMA,TEXT
v_associatedorganisms,v_associatedorganisms,,DBSCHEMA,TEXT
"v_previousidentifications","v_previousidentifications",,DBSCHEMA,TEXT
v_organismremarks,v_organismremarks,,DBSCHEMA,TEXT
v_materialsampleid,v_materialsampleid,,DBSCHEMA,TEXT
v_eventid,v_eventid,,DBSCHEMA,TEXT
v_parenteventid,v_parenteventid,,DBSCHEMA,TEXT
v_fieldnumber,v_fieldnumber,,DBSCHEMA,TEXT
v_eventdate,v_eventdate,,DBSCHEMA,TEXT
v_eventtime,v_eventtime,,DBSCHEMA,TEXT
v_startdayofyear,v_startdayofyear,,DBSCHEMA,INTEGER
v_enddayofyear,v_enddayofyear,,DBSCHEMA,INTEGER
v_year,v_year,,DBSCHEMA,INTEGER
v_month,v_month,,DBSCHEMA,INTEGER
v_day,v_day,,DBSCHEMA,INTEGER
v_verbatimeventdate,v_verbatimeventdate,,DBSCHEMA,TEXT
v_habitat,v_habitat,,DBSCHEMA,TEXT
v_samplingprotocol,v_samplingprotocol,,DBSCHEMA,TEXT
v_samplingeffort,v_samplingeffort,,DBSCHEMA,TEXT
v_samplesizevalue,v_samplesizevalue,,DBSCHEMA,TEXT
v_samplesizeunit,v_samplesizeunit,,DBSCHEMA,TEXT
v_fieldnotes,v_fieldnotes,,DBSCHEMA,TEXT
v_eventremarks,v_eventremarks,,DBSCHEMA,TEXT
v_locationid,v_locationid,,DBSCHEMA,INTEGER
v_highergeographyid,v_highergeographyid,,DBSCHEMA,TEXT
v_highergeography,v_highergeography,,DBSCHEMA,TEXT
v_continent,v_continent,,DBSCHEMA,TEXT
v_waterbody,v_waterbody,,DBSCHEMA,TEXT
v_islandgroup,v_islandgroup,,DBSCHEMA,TEXT
v_island,v_island,,DBSCHEMA,TEXT
v_country,v_country,,DBSCHEMA,TEXT
v_countrycode,v_countrycode,,DBSCHEMA,TEXT
v_stateprovince,v_stateprovince,,DBSCHEMA,TEXT
v_county,v_county,,DBSCHEMA,TEXT
v_municipality,v_municipality,,DBSCHEMA,TEXT
v_locality,v_locality,,DBSCHEMA,TEXT
v_verbatimlocality,v_verbatimlocality,,DBSCHEMA,TEXT
"v_minimumelevationinmeters","v_minimumelevationinmeters",,DBSCHEMA,INTEGER
"v_maximumelevationinmeters","v_maximumelevationinmeters",,DBSCHEMA,INTEGER
v_verbatimelevation,v_verbatimelevation,,DBSCHEMA,TEXT
v_minimumdepthinmeters,v_minimumdepthinmeters,,DBSCHEMA,INTEGER
v_maximumdepthinmeters,v_maximumdepthinmeters,,DBSCHEMA,INTEGER
v_verbatimdepth,v_verbatimdepth,,DBSCHEMA,TEXT
"v_minimumdistanceabovesurfaceinmeters","v_minimumdistanceabovesurfaceinmeters",,DBSCHEMA,TEXT
"v_maximumdistanceabovesurfaceinmeters","v_maximumdistanceabovesurfaceinmeters",,DBSCHEMA,TEXT
v_locationaccordingto,v_locationaccordingto,,DBSCHEMA,TEXT
v_locationremarks,v_locationremarks,,DBSCHEMA,TEXT
v_decimallatitude,v_decimallatitude,,DBSCHEMA,DECIMAL
v_decimallongitude,v_decimallongitude,,DBSCHEMA,DECIMAL
v_geodeticdatum,v_geodeticdatum,,DBSCHEMA,TEXT
"v_coordinateuncertaintyinmeters","v_coordinateuncertaintyinmeters",,DBSCHEMA,DECIMAL
v_coordinateprecision,v_coordinateprecision,,DBSCHEMA,DECIMAL
v_pointradiusspatialfit,v_pointradiusspatialfit,,DBSCHEMA,TEXT
v_verbatimcoordinates,v_verbatimcoordinates,,DBSCHEMA,TEXT
v_verbatimlatitude,v_verbatimlatitude,,DBSCHEMA,DECIMAL
v_verbatimlongitude,v_verbatimlongitude,,DBSCHEMA,DECIMAL
"v_verbatimcoordinatesystem","v_verbatimcoordinatesystem",,DBSCHEMA,TEXT
v_verbatimsrs,v_verbatimsrs,,DBSCHEMA,TEXT
v_footprintwkt,v_footprintwkt,,DBSCHEMA,TEXT
v_footprintsrs,v_footprintsrs,,DBSCHEMA,TEXT
v_footprintspatialfit,v_footprintspatialfit,,DBSCHEMA,TEXT
v_georeferencedby,v_georeferencedby,,DBSCHEMA,TEXT
v_georeferenceddate,v_georeferenceddate,,DBSCHEMA,TEXT
v_georeferenceprotocol,v_georeferenceprotocol,,DBSCHEMA,TEXT
v_georeferencesources,v_georeferencesources,,DBSCHEMA,TEXT
"v_georeferenceverificationstatus","v_georeferenceverificationstatus",,DBSCHEMA,TEXT
v_georeferenceremarks,v_georeferenceremarks,,DBSCHEMA,TEXT
v_geologicalcontextid,v_geologicalcontextid,,DBSCHEMA,TEXT
"v_earliesteonorlowesteonothem","v_earliesteonorlowesteonothem",,DBSCHEMA,TEXT
"v_latesteonorhighesteonothem","v_latesteonorhighesteonothem",,DBSCHEMA,TEXT
"v_earliesteraorlowesterathem","v_earliesteraorlowesterathem",,DBSCHEMA,TEXT
"v_latesteraorhighesterathem","v_latesteraorhighesterathem",,DBSCHEMA,TEXT
"v_earliestperiodorlowestsystem","v_earliestperiodorlowestsystem",,DBSCHEMA,TEXT
"v_latestperiodorhighestsystem","v_latestperiodorhighestsystem",,DBSCHEMA,TEXT
"v_earliestepochorlowestseries","v_earliestepochorlowestseries",,DBSCHEMA,TEXT
"v_latestepochorhighestseries","v_latestepochorhighestseries",,DBSCHEMA,TEXT
"v_earliestageorloweststage","v_earliestageorloweststage",,DBSCHEMA,TEXT
"v_latestageorhigheststage","v_latestageorhigheststage",,DBSCHEMA,TEXT
"v_lowestbiostratigraphiczone","v_lowestbiostratigraphiczone",,DBSCHEMA,TEXT
"v_highestbiostratigraphiczone","v_highestbiostratigraphiczone",,DBSCHEMA,TEXT
"v_lithostratigraphicterms","v_lithostratigraphicterms",,DBSCHEMA,TEXT
v_group,v_group,,DBSCHEMA,TEXT
v_formation,v_formation,,DBSCHEMA,TEXT
v_member,v_member,,DBSCHEMA,TEXT
v_bed,v_bed,,DBSCHEMA,TEXT
v_identificationid,v_identificationid,,DBSCHEMA,TEXT
"v_identificationqualifier","v_identificationqualifier",,DBSCHEMA,TEXT
v_typestatus,v_typestatus,,DBSCHEMA,TEXT
v_identifiedby,v_identifiedby,,DBSCHEMA,TEXT
v_dateidentified,v_dateidentified,,DBSCHEMA,TEXT
"v_identificationreferences","v_identificationreferences",,DBSCHEMA,TEXT
"v_identificationverificationstatus","v_identificationverificationstatus",,DBSCHEMA,TEXT
v_identificationremarks,v_identificationremarks,,DBSCHEMA,TEXT
v_taxonid,v_taxonid,,DBSCHEMA,TEXT
v_scientificnameid,v_scientificnameid,,DBSCHEMA,TEXT
v_acceptednameusageid,v_acceptednameusageid,,DBSCHEMA,TEXT
v_parentnameusageid,v_parentnameusageid,,DBSCHEMA,TEXT
v_originalnameusageid,v_originalnameusageid,,DBSCHEMA,TEXT
v_nameaccordingtoid,v_nameaccordingtoid,,DBSCHEMA,TEXT
v_namepublishedinid,v_namepublishedinid,,DBSCHEMA,TEXT
v_taxonconceptid,v_taxonconceptid,,DBSCHEMA,TEXT
v_scientificname,v_scientificname,,DBSCHEMA,TEXT
v_acceptednameusage,v_acceptednameusage,,DBSCHEMA,TEXT
v_parentnameusage,v_parentnameusage,,DBSCHEMA,TEXT
v_originalnameusage,v_originalnameusage,,DBSCHEMA,TEXT
v_nameaccordingto,v_nameaccordingto,,DBSCHEMA,TEXT
v_namepublishedin,v_namepublishedin,,DBSCHEMA,TEXT
v_namepublishedinyear,v_namepublishedinyear,,DBSCHEMA,TEXT
v_higherclassification,v_higherclassification,,DBSCHEMA,TEXT
v_kingdom,v_kingdom,,DBSCHEMA,TEXT
v_phylum,v_phylum,,DBSCHEMA,TEXT
v_class,v_class,,DBSCHEMA,TEXT
v_order,v_order,,DBSCHEMA,TEXT
v_family,v_family,,DBSCHEMA,TEXT
v_genus,v_genus,,DBSCHEMA,TEXT
v_subgenus,v_subgenus,,DBSCHEMA,TEXT
v_specificepithet,v_specificepithet,,DBSCHEMA,TEXT
v_infraspecificepithet,v_infraspecificepithet,,DBSCHEMA,TEXT
v_taxonrank,v_taxonrank,,DBSCHEMA,TEXT
v_verbatimtaxonrank,v_verbatimtaxonrank,,DBSCHEMA,TEXT
"v_scientificnameauthorship","v_scientificnameauthorship",,DBSCHEMA,TEXT
v_vernacularname,v_vernacularname,,DBSCHEMA,TEXT
v_nomenclaturalcode,v_nomenclaturalcode,,DBSCHEMA,TEXT
v_taxonomicstatus,v_taxonomicstatus,,DBSCHEMA,TEXT
v_nomenclaturalstatus,v_nomenclaturalstatus,,DBSCHEMA,TEXT
v_taxonremarks,v_taxonremarks,,DBSCHEMA,TEXT
identifiercount,identifiercount,,DBSCHEMA,TEXT
crawlid,crawlid,,DBSCHEMA,INTEGER
fragmentcreated,fragmentcreated,,DBSCHEMA,DECIMAL
xmlschema,xmlschema,,DBSCHEMA,TEXT
publishingorgkey,publishingorgkey,,DBSCHEMA,TEXT
unitqualifier,unitqualifier,,DBSCHEMA,TEXT
"http://purl.org/dc/terms/abstract","http://purl.org/dc/terms/abstract",,DBSCHEMA,TEXT
"http://purl.org/dc/terms/accessRights","http://purl.org/dc/terms/accessRights",,DBSCHEMA,TEXT
"http://purl.org/dc/terms/accrualMethod","http://purl.org/dc/terms/accrualMethod",,DBSCHEMA,TEXT
"http://purl.org/dc/terms/accrualPeriodicity","http://purl.org/dc/terms/accrualPeriodicity",,DBSCHEMA,TEXT
"http://purl.org/dc/terms/accrualPolicy","http://purl.org/dc/terms/accrualPolicy",,DBSCHEMA,TEXT
"http://purl.org/dc/terms/alternative","http://purl.org/dc/terms/alternative",,DBSCHEMA,TEXT
"http://purl.org/dc/terms/audience","http://purl.org/dc/terms/audience",,DBSCHEMA,TEXT
"http://purl.org/dc/terms/available","http://purl.org/dc/terms/available",,DBSCHEMA,TEXT
"http://purl.org/dc/terms/bibliographicCitation","http://purl.org/dc/terms/bibliographicCitation",,DBSCHEMA,TEXT
"http://purl.org/dc/terms/conformsTo","http://purl.org/dc/terms/conformsTo",,DBSCHEMA,TEXT
"http://purl.org/dc/terms/contributor","http://purl.org/dc/terms/contributor",,DBSCHEMA,TEXT
"http://purl.org/dc/terms/coverage","http://purl.org/dc/terms/coverage",,DBSCHEMA,TEXT
"http://purl.org/dc/terms/created","http://purl.org/dc/terms/created",,DBSCHEMA,TEXT
"http://purl.org/dc/terms/creator","http://purl.org/dc/terms/creator",,DBSCHEMA,TEXT
date_,date_,,DBSCHEMA,TEXT
"http://purl.org/dc/terms/dateAccepted","http://purl.org/dc/terms/dateAccepted",,DBSCHEMA,TEXT
"http://purl.org/dc/terms/dateCopyrighted","http://purl.org/dc/terms/dateCopyrighted",,DBSCHEMA,TEXT
"http://purl.org/dc/terms/dateSubmitted","http://purl.org/dc/terms/dateSubmitted",,DBSCHEMA,TEXT
"http://purl.org/dc/terms/description","http://purl.org/dc/terms/description",,DBSCHEMA,TEXT
"http://purl.org/dc/terms/educationLevel","http://purl.org/dc/terms/educationLevel",,DBSCHEMA,TEXT
"http://purl.org/dc/terms/extent","http://purl.org/dc/terms/extent",,DBSCHEMA,TEXT
format_,format_,,DBSCHEMA,TEXT
"http://purl.org/dc/terms/hasFormat","http://purl.org/dc/terms/hasFormat",,DBSCHEMA,TEXT
"http://purl.org/dc/terms/hasPart","http://purl.org/dc/terms/hasPart",,DBSCHEMA,TEXT
"http://purl.org/dc/terms/hasVersion","http://purl.org/dc/terms/hasVersion",,DBSCHEMA,TEXT
"http://purl.org/dc/terms/identifier","http://purl.org/dc/terms/identifier",,DBSCHEMA,TEXT
"http://purl.org/dc/terms/instructionalMethod","http://purl.org/dc/terms/instructionalMethod",,DBSCHEMA,TEXT
"http://purl.org/dc/terms/isFormatOf","http://purl.org/dc/terms/isFormatOf",,DBSCHEMA,TEXT
"http://purl.org/dc/terms/isPartOf","http://purl.org/dc/terms/isPartOf",,DBSCHEMA,TEXT
"http://purl.org/dc/terms/isReferencedBy","http://purl.org/dc/terms/isReferencedBy",,DBSCHEMA,TEXT
"http://purl.org/dc/terms/isReplacedBy","http://purl.org/dc/terms/isReplacedBy",,DBSCHEMA,TEXT
"http://purl.org/dc/terms/isRequiredBy","http://purl.org/dc/terms/isRequiredBy",,DBSCHEMA,TEXT
"http://purl.org/dc/terms/isVersionOf","http://purl.org/dc/terms/isVersionOf",,DBSCHEMA,TEXT
"http://purl.org/dc/terms/issued","http://purl.org/dc/terms/issued",,DBSCHEMA,TEXT
"http://purl.org/dc/terms/language","http://purl.org/dc/terms/language",,DBSCHEMA,TEXT
"http://purl.org/dc/terms/license","http://purl.org/dc/terms/license",,DBSCHEMA,TEXT
"http://purl.org/dc/terms/mediator","http://purl.org/dc/terms/mediator",,DBSCHEMA,TEXT
"http://purl.org/dc/terms/medium","http://purl.org/dc/terms/medium",,DBSCHEMA,TEXT
"http://purl.org/dc/terms/modified","http://purl.org/dc/terms/modified",,DBSCHEMA,DECIMAL
"http://purl.org/dc/terms/provenance","http://purl.org/dc/terms/provenance",,DBSCHEMA,TEXT
"http://purl.org/dc/terms/publisher","http://purl.org/dc/terms/publisher",,DBSCHEMA,TEXT
"http://purl.org/dc/terms/references","http://purl.org/dc/terms/references",,DBSCHEMA,TEXT
"http://purl.org/dc/terms/relation","http://purl.org/dc/terms/relation",,DBSCHEMA,TEXT
"http://purl.org/dc/terms/replaces","http://purl.org/dc/terms/replaces",,DBSCHEMA,TEXT
"http://purl.org/dc/terms/requires","http://purl.org/dc/terms/requires",,DBSCHEMA,TEXT
"http://purl.org/dc/terms/rights","http://purl.org/dc/terms/rights",,DBSCHEMA,TEXT
"http://purl.org/dc/terms/rightsHolder","http://purl.org/dc/terms/rightsHolder",,DBSCHEMA,TEXT
"http://purl.org/dc/terms/source","http://purl.org/dc/terms/source",,DBSCHEMA,TEXT
"http://purl.org/dc/terms/spatial","http://purl.org/dc/terms/spatial",,DBSCHEMA,TEXT
"http://purl.org/dc/terms/subject","http://purl.org/dc/terms/subject",,DBSCHEMA,TEXT
"http://purl.org/dc/terms/tableOfContents","http://purl.org/dc/terms/tableOfContents",,DBSCHEMA,TEXT
"http://purl.org/dc/terms/temporal","http://purl.org/dc/terms/temporal",,DBSCHEMA,TEXT
"http://purl.org/dc/terms/title","http://purl.org/dc/terms/title",,DBSCHEMA,TEXT
"http://purl.org/dc/terms/type","http://purl.org/dc/terms/type",,DBSCHEMA,TEXT
"http://purl.org/dc/terms/valid","http://purl.org/dc/terms/valid",,DBSCHEMA,TEXT
"http://rs.tdwg.org/dwc/terms/institutionID","http://rs.tdwg.org/dwc/terms/institutionID",,DBSCHEMA,TEXT
"http://rs.tdwg.org/dwc/terms/collectionID","http://rs.tdwg.org/dwc/terms/collectionID",,DBSCHEMA,TEXT
"http://rs.tdwg.org/dwc/terms/datasetID","http://rs.tdwg.org/dwc/terms/datasetID",,DBSCHEMA,TEXT
"http://rs.tdwg.org/dwc/terms/institutionCode","http://rs.tdwg.org/dwc/terms/institutionCode",,DBSCHEMA,TEXT
"http://rs.tdwg.org/dwc/terms/collectionCode","http://rs.tdwg.org/dwc/terms/collectionCode",,DBSCHEMA,TEXT
"http://rs.tdwg.org/dwc/terms/datasetName","http://rs.tdwg.org/dwc/terms/datasetName",,DBSCHEMA,TEXT
"http://rs.tdwg.org/dwc/terms/ownerInstitutionCode","http://rs.tdwg.org/dwc/terms/ownerInstitutionCode",,DBSCHEMA,TEXT
"http://rs.tdwg.org/dwc/terms/basisOfRecord","http://rs.tdwg.org/dwc/terms/basisOfRecord",,DBSCHEMA,TEXT
"http://rs.tdwg.org/dwc/terms/informationWithheld","http://rs.tdwg.org/dwc/terms/informationWithheld",,DBSCHEMA,TEXT
"http://rs.tdwg.org/dwc/terms/dataGeneralizations","http://rs.tdwg.org/dwc/terms/dataGeneralizations",,DBSCHEMA,TEXT
"http://rs.tdwg.org/dwc/terms/dynamicProperties","http://rs.tdwg.org/dwc/terms/dynamicProperties",,DBSCHEMA,TEXT
"http://rs.tdwg.org/dwc/terms/occurrenceID","http://rs.tdwg.org/dwc/terms/occurrenceID",,DBSCHEMA,TEXT
gbifCatalogNumber,gbifCatalogNumber,,DBSCHEMA,TEXT
"http://rs.tdwg.org/dwc/terms/recordNumber","http://rs.tdwg.org/dwc/terms/recordNumber",,DBSCHEMA,TEXT
"http://rs.tdwg.org/dwc/terms/recordedBy","http://rs.tdwg.org/dwc/terms/recordedBy",,DBSCHEMA,TEXT
"http://rs.tdwg.org/dwc/terms/individualCount","http://rs.tdwg.org/dwc/terms/individualCount",,DBSCHEMA,INTEGER
"http://rs.tdwg.org/dwc/terms/organismQuantity","http://rs.tdwg.org/dwc/terms/organismQuantity",,DBSCHEMA,TEXT
"http://rs.tdwg.org/dwc/terms/organismQuantityType","http://rs.tdwg.org/dwc/terms/organismQuantityType",,DBSCHEMA,TEXT
"http://rs.tdwg.org/dwc/terms/sex","http://rs.tdwg.org/dwc/terms/sex",,DBSCHEMA,TEXT
"http://rs.tdwg.org/dwc/terms/lifeStage","http://rs.tdwg.org/dwc/terms/lifeStage",,DBSCHEMA,TEXT
"http://rs.tdwg.org/dwc/terms/reproductiveCondition","http://rs.tdwg.org/dwc/terms/reproductiveCondition",,DBSCHEMA,TEXT
"http://rs.tdwg.org/dwc/terms/behavior","http://rs.tdwg.org/dwc/terms/behavior",,DBSCHEMA,TEXT
"http://rs.tdwg.org/dwc/terms/establishmentMeans","http://rs.tdwg.org/dwc/terms/establishmentMeans",,DBSCHEMA,TEXT
"http://rs.tdwg.org/dwc/terms/occurrenceStatus","http://rs.tdwg.org/dwc/terms/occurrenceStatus",,DBSCHEMA,TEXT
"http://rs.tdwg.org/dwc/terms/preparations","http://rs.tdwg.org/dwc/terms/preparations",,DBSCHEMA,TEXT
"http://rs.tdwg.org/dwc/terms/disposition","http://rs.tdwg.org/dwc/terms/disposition",,DBSCHEMA,TEXT
"http://rs.tdwg.org/dwc/terms/associatedReferences","http://rs.tdwg.org/dwc/terms/associatedReferences",,DBSCHEMA,TEXT
"http://rs.tdwg.org/dwc/terms/associatedSequences","http://rs.tdwg.org/dwc/terms/associatedSequences",,DBSCHEMA,TEXT
"http://rs.tdwg.org/dwc/terms/associatedTaxa","http://rs.tdwg.org/dwc/terms/associatedTaxa",,DBSCHEMA,TEXT
"http://rs.tdwg.org/dwc/terms/otherCatalogNumbers","http://rs.tdwg.org/dwc/terms/otherCatalogNumbers",,DBSCHEMA,TEXT
"http://rs.tdwg.org/dwc/terms/occurrenceRemarks","http://rs.tdwg.org/dwc/terms/occurrenceRemarks",,DBSCHEMA,TEXT
"http://rs.tdwg.org/dwc/terms/organismID","http://rs.tdwg.org/dwc/terms/organismID",,DBSCHEMA,INTEGER
"http://rs.tdwg.org/dwc/terms/organismName","http://rs.tdwg.org/dwc/terms/organismName",,DBSCHEMA,TEXT
"http://rs.tdwg.org/dwc/terms/organismScope","http://rs.tdwg.org/dwc/terms/organismScope",,DBSCHEMA,TEXT
"http://rs.tdwg.org/dwc/terms/associatedOccurrences","http://rs.tdwg.org/dwc/terms/associatedOccurrences",,DBSCHEMA,TEXT
"http://rs.tdwg.org/dwc/terms/associatedOrganisms","http://rs.tdwg.org/dwc/terms/associatedOrganisms",,DBSCHEMA,TEXT
"http://rs.tdwg.org/dwc/terms/previousIdentifications","http://rs.tdwg.org/dwc/terms/previousIdentifications",,DBSCHEMA,TEXT
"http://rs.tdwg.org/dwc/terms/organismRemarks","http://rs.tdwg.org/dwc/terms/organismRemarks",,DBSCHEMA,TEXT
"http://rs.tdwg.org/dwc/terms/materialSampleID","http://rs.tdwg.org/dwc/terms/materialSampleID",,DBSCHEMA,TEXT
"http://rs.tdwg.org/dwc/terms/eventID","http://rs.tdwg.org/dwc/terms/eventID",,DBSCHEMA,TEXT
"http://rs.tdwg.org/dwc/terms/parentEventID","http://rs.tdwg.org/dwc/terms/parentEventID",,DBSCHEMA,TEXT
"http://rs.tdwg.org/dwc/terms/fieldNumber","http://rs.tdwg.org/dwc/terms/fieldNumber",,DBSCHEMA,TEXT
"http://rs.tdwg.org/dwc/terms/eventDate","http://rs.tdwg.org/dwc/terms/eventDate",,DBSCHEMA,DECIMAL
"http://rs.tdwg.org/dwc/terms/eventTime","http://rs.tdwg.org/dwc/terms/eventTime",,DBSCHEMA,TEXT
"http://rs.tdwg.org/dwc/terms/startDayOfYear","http://rs.tdwg.org/dwc/terms/startDayOfYear",,DBSCHEMA,INTEGER
"http://rs.tdwg.org/dwc/terms/endDayOfYear","http://rs.tdwg.org/dwc/terms/endDayOfYear",,DBSCHEMA,INTEGER
"http://rs.tdwg.org/dwc/terms/year","http://rs.tdwg.org/dwc/terms/year",,DBSCHEMA,INTEGER
"http://rs.tdwg.org/dwc/terms/month","http://rs.tdwg.org/dwc/terms/month",,DBSCHEMA,INTEGER
"http://rs.tdwg.org/dwc/terms/day","http://rs.tdwg.org/dwc/terms/day",,DBSCHEMA,INTEGER
"http://rs.tdwg.org/dwc/terms/verbatimEventDate","http://rs.tdwg.org/dwc/terms/verbatimEventDate",,DBSCHEMA,TEXT
"http://rs.tdwg.org/dwc/terms/habitat","http://rs.tdwg.org/dwc/terms/habitat",,DBSCHEMA,TEXT
"http://rs.tdwg.org/dwc/terms/samplingProtocol","http://rs.tdwg.org/dwc/terms/samplingProtocol",,DBSCHEMA,TEXT
"http://rs.tdwg.org/dwc/terms/samplingEffort","http://rs.tdwg.org/dwc/terms/samplingEffort",,DBSCHEMA,TEXT
"http://rs.tdwg.org/dwc/terms/sampleSizeValue","http://rs.tdwg.org/dwc/terms/sampleSizeValue",,DBSCHEMA,TEXT
"http://rs.tdwg.org/dwc/terms/sampleSizeUnit","http://rs.tdwg.org/dwc/terms/sampleSizeUnit",,DBSCHEMA,TEXT
"http://rs.tdwg.org/dwc/terms/fieldNotes","http://rs.tdwg.org/dwc/terms/fieldNotes",,DBSCHEMA,TEXT
"http://rs.tdwg.org/dwc/terms/eventRemarks","http://rs.tdwg.org/dwc/terms/eventRemarks",,DBSCHEMA,TEXT
"http://rs.tdwg.org/dwc/terms/locationID","http://rs.tdwg.org/dwc/terms/locationID",,DBSCHEMA,INTEGER
"http://rs.tdwg.org/dwc/terms/higherGeographyID","http://rs.tdwg.org/dwc/terms/higherGeographyID",,DBSCHEMA,TEXT
"http://rs.tdwg.org/dwc/terms/higherGeography","http://rs.tdwg.org/dwc/terms/higherGeography",,DBSCHEMA,TEXT
"http://rs.tdwg.org/dwc/terms/continent","http://rs.tdwg.org/dwc/terms/continent",,DBSCHEMA,TEXT
"http://rs.tdwg.org/dwc/terms/waterBody","http://rs.tdwg.org/dwc/terms/waterBody",,DBSCHEMA,TEXT
"http://rs.tdwg.org/dwc/terms/islandGroup","http://rs.tdwg.org/dwc/terms/islandGroup",,DBSCHEMA,TEXT
"http://rs.tdwg.org/dwc/terms/island","http://rs.tdwg.org/dwc/terms/island",,DBSCHEMA,TEXT
"http://rs.tdwg.org/dwc/terms/countryCode","http://rs.tdwg.org/dwc/terms/countryCode",,DBSCHEMA,TEXT
"http://rs.tdwg.org/dwc/terms/stateProvince","http://rs.tdwg.org/dwc/terms/stateProvince",,DBSCHEMA,TEXT
"http://rs.tdwg.org/dwc/terms/county","http://rs.tdwg.org/dwc/terms/county",,DBSCHEMA,TEXT
"http://rs.tdwg.org/dwc/terms/municipality","http://rs.tdwg.org/dwc/terms/municipality",,DBSCHEMA,TEXT
"http://rs.tdwg.org/dwc/terms/locality","http://rs.tdwg.org/dwc/terms/locality",,DBSCHEMA,TEXT
"http://rs.tdwg.org/dwc/terms/verbatimLocality","http://rs.tdwg.org/dwc/terms/verbatimLocality",,DBSCHEMA,TEXT
"http://rs.tdwg.org/dwc/terms/verbatimElevation","http://rs.tdwg.org/dwc/terms/verbatimElevation",,DBSCHEMA,TEXT
"http://rs.tdwg.org/dwc/terms/verbatimDepth","http://rs.tdwg.org/dwc/terms/verbatimDepth",,DBSCHEMA,TEXT
"http://rs.tdwg.org/dwc/terms/minimumDistanceAboveSurfaceInMeters","http://rs.tdwg.org/dwc/terms/minimumDistanceAboveSurfaceInMeters",,DBSCHEMA,TEXT
"http://rs.tdwg.org/dwc/terms/maximumDistanceAboveSurfaceInMeters","http://rs.tdwg.org/dwc/terms/maximumDistanceAboveSurfaceInMeters",,DBSCHEMA,TEXT
"http://rs.tdwg.org/dwc/terms/locationAccordingTo","http://rs.tdwg.org/dwc/terms/locationAccordingTo",,DBSCHEMA,TEXT
"http://rs.tdwg.org/dwc/terms/locationRemarks","http://rs.tdwg.org/dwc/terms/locationRemarks",,DBSCHEMA,TEXT
"http://rs.tdwg.org/dwc/terms/decimalLatitude","http://rs.tdwg.org/dwc/terms/decimalLatitude",,DBSCHEMA,DECIMAL
"http://rs.tdwg.org/dwc/terms/decimalLongitude","http://rs.tdwg.org/dwc/terms/decimalLongitude",,DBSCHEMA,DECIMAL
"http://rs.tdwg.org/dwc/terms/coordinateUncertaintyInMeters","http://rs.tdwg.org/dwc/terms/coordinateUncertaintyInMeters",,DBSCHEMA,DECIMAL
"http://rs.tdwg.org/dwc/terms/coordinatePrecision","http://rs.tdwg.org/dwc/terms/coordinatePrecision",,DBSCHEMA,DECIMAL
"http://rs.tdwg.org/dwc/terms/pointRadiusSpatialFit","http://rs.tdwg.org/dwc/terms/pointRadiusSpatialFit",,DBSCHEMA,TEXT
"http://rs.tdwg.org/dwc/terms/verbatimCoordinateSystem","http://rs.tdwg.org/dwc/terms/verbatimCoordinateSystem",,DBSCHEMA,TEXT
"http://rs.tdwg.org/dwc/terms/verbatimSRS","http://rs.tdwg.org/dwc/terms/verbatimSRS",,DBSCHEMA,TEXT
"http://rs.tdwg.org/dwc/terms/footprintWKT","http://rs.tdwg.org/dwc/terms/footprintWKT",,DBSCHEMA,TEXT
"http://rs.tdwg.org/dwc/terms/footprintSRS","http://rs.tdwg.org/dwc/terms/footprintSRS",,DBSCHEMA,TEXT
"http://rs.tdwg.org/dwc/terms/footprintSpatialFit","http://rs.tdwg.org/dwc/terms/footprintSpatialFit",,DBSCHEMA,TEXT
"http://rs.tdwg.org/dwc/terms/georeferencedBy","http://rs.tdwg.org/dwc/terms/georeferencedBy",,DBSCHEMA,TEXT
"http://rs.tdwg.org/dwc/terms/georeferencedDate","http://rs.tdwg.org/dwc/terms/georeferencedDate",,DBSCHEMA,TEXT
"http://rs.tdwg.org/dwc/terms/georeferenceProtocol","http://rs.tdwg.org/dwc/terms/georeferenceProtocol",,DBSCHEMA,TEXT
"http://rs.tdwg.org/dwc/terms/georeferenceSources","http://rs.tdwg.org/dwc/terms/georeferenceSources",,DBSCHEMA,TEXT
"http://rs.tdwg.org/dwc/terms/georeferenceVerificationStatus","http://rs.tdwg.org/dwc/terms/georeferenceVerificationStatus",,DBSCHEMA,TEXT
"http://rs.tdwg.org/dwc/terms/georeferenceRemarks","http://rs.tdwg.org/dwc/terms/georeferenceRemarks",,DBSCHEMA,TEXT
"http://rs.tdwg.org/dwc/terms/geologicalContextID","http://rs.tdwg.org/dwc/terms/geologicalContextID",,DBSCHEMA,TEXT
"http://rs.tdwg.org/dwc/terms/earliestEonOrLowestEonothem","http://rs.tdwg.org/dwc/terms/earliestEonOrLowestEonothem",,DBSCHEMA,TEXT
"http://rs.tdwg.org/dwc/terms/latestEonOrHighestEonothem","http://rs.tdwg.org/dwc/terms/latestEonOrHighestEonothem",,DBSCHEMA,TEXT
"http://rs.tdwg.org/dwc/terms/earliestEraOrLowestErathem","http://rs.tdwg.org/dwc/terms/earliestEraOrLowestErathem",,DBSCHEMA,TEXT
"http://rs.tdwg.org/dwc/terms/latestEraOrHighestErathem","http://rs.tdwg.org/dwc/terms/latestEraOrHighestErathem",,DBSCHEMA,TEXT
"http://rs.tdwg.org/dwc/terms/earliestPeriodOrLowestSystem","http://rs.tdwg.org/dwc/terms/earliestPeriodOrLowestSystem",,DBSCHEMA,TEXT
"http://rs.tdwg.org/dwc/terms/latestPeriodOrHighestSystem","http://rs.tdwg.org/dwc/terms/latestPeriodOrHighestSystem",,DBSCHEMA,TEXT
"http://rs.tdwg.org/dwc/terms/earliestEpochOrLowestSeries","http://rs.tdwg.org/dwc/terms/earliestEpochOrLowestSeries",,DBSCHEMA,TEXT
"http://rs.tdwg.org/dwc/terms/latestEpochOrHighestSeries","http://rs.tdwg.org/dwc/terms/latestEpochOrHighestSeries",,DBSCHEMA,TEXT
"http://rs.tdwg.org/dwc/terms/earliestAgeOrLowestStage","http://rs.tdwg.org/dwc/terms/earliestAgeOrLowestStage",,DBSCHEMA,TEXT
"http://rs.tdwg.org/dwc/terms/latestAgeOrHighestStage","http://rs.tdwg.org/dwc/terms/latestAgeOrHighestStage",,DBSCHEMA,TEXT
"http://rs.tdwg.org/dwc/terms/lowestBiostratigraphicZone","http://rs.tdwg.org/dwc/terms/lowestBiostratigraphicZone",,DBSCHEMA,TEXT
"http://rs.tdwg.org/dwc/terms/highestBiostratigraphicZone","http://rs.tdwg.org/dwc/terms/highestBiostratigraphicZone",,DBSCHEMA,TEXT
"http://rs.tdwg.org/dwc/terms/lithostratigraphicTerms","http://rs.tdwg.org/dwc/terms/lithostratigraphicTerms",,DBSCHEMA,TEXT
group_,group_,,DBSCHEMA,TEXT
"http://rs.tdwg.org/dwc/terms/formation","http://rs.tdwg.org/dwc/terms/formation",,DBSCHEMA,TEXT
"http://rs.tdwg.org/dwc/terms/member","http://rs.tdwg.org/dwc/terms/member",,DBSCHEMA,TEXT
"http://rs.tdwg.org/dwc/terms/bed","http://rs.tdwg.org/dwc/terms/bed",,DBSCHEMA,TEXT
"http://rs.tdwg.org/dwc/terms/identificationID","http://rs.tdwg.org/dwc/terms/identificationID",,DBSCHEMA,TEXT
"http://rs.tdwg.org/dwc/terms/identificationQualifier","http://rs.tdwg.org/dwc/terms/identificationQualifier",,DBSCHEMA,TEXT
"http://rs.tdwg.org/dwc/terms/typeStatus","http://rs.tdwg.org/dwc/terms/typeStatus",,DBSCHEMA,TEXT
"http://rs.tdwg.org/dwc/terms/identifiedBy","http://rs.tdwg.org/dwc/terms/identifiedBy",,DBSCHEMA,TEXT
"http://rs.tdwg.org/dwc/terms/dateIdentified","http://rs.tdwg.org/dwc/terms/dateIdentified",,DBSCHEMA,DECIMAL
"http://rs.tdwg.org/dwc/terms/identificationReferences","http://rs.tdwg.org/dwc/terms/identificationReferences",,DBSCHEMA,TEXT
"http://rs.tdwg.org/dwc/terms/identificationVerificationStatus","http://rs.tdwg.org/dwc/terms/identificationVerificationStatus",,DBSCHEMA,TEXT
"http://rs.tdwg.org/dwc/terms/identificationRemarks","http://rs.tdwg.org/dwc/terms/identificationRemarks",,DBSCHEMA,TEXT
"http://rs.tdwg.org/dwc/terms/taxonID","http://rs.tdwg.org/dwc/terms/taxonID",,DBSCHEMA,TEXT
"http://rs.tdwg.org/dwc/terms/scientificNameID","http://rs.tdwg.org/dwc/terms/scientificNameID",,DBSCHEMA,TEXT
"http://rs.tdwg.org/dwc/terms/acceptedNameUsageID","http://rs.tdwg.org/dwc/terms/acceptedNameUsageID",,DBSCHEMA,TEXT
"http://rs.tdwg.org/dwc/terms/parentNameUsageID","http://rs.tdwg.org/dwc/terms/parentNameUsageID",,DBSCHEMA,TEXT
"http://rs.tdwg.org/dwc/terms/originalNameUsageID","http://rs.tdwg.org/dwc/terms/originalNameUsageID",,DBSCHEMA,TEXT
"http://rs.tdwg.org/dwc/terms/nameAccordingToID","http://rs.tdwg.org/dwc/terms/nameAccordingToID",,DBSCHEMA,TEXT
"http://rs.tdwg.org/dwc/terms/namePublishedInID","http://rs.tdwg.org/dwc/terms/namePublishedInID",,DBSCHEMA,TEXT
"http://rs.tdwg.org/dwc/terms/taxonConceptID","http://rs.tdwg.org/dwc/terms/taxonConceptID",,DBSCHEMA,TEXT
"http://rs.tdwg.org/dwc/terms/scientificName","http://rs.tdwg.org/dwc/terms/scientificName",,DBSCHEMA,TEXT
"http://rs.tdwg.org/dwc/terms/acceptedNameUsage","http://rs.tdwg.org/dwc/terms/acceptedNameUsage",,DBSCHEMA,TEXT
"http://rs.tdwg.org/dwc/terms/parentNameUsage","http://rs.tdwg.org/dwc/terms/parentNameUsage",,DBSCHEMA,TEXT
"http://rs.tdwg.org/dwc/terms/originalNameUsage","http://rs.tdwg.org/dwc/terms/originalNameUsage",,DBSCHEMA,TEXT
"http://rs.tdwg.org/dwc/terms/nameAccordingTo","http://rs.tdwg.org/dwc/terms/nameAccordingTo",,DBSCHEMA,TEXT
"http://rs.tdwg.org/dwc/terms/namePublishedIn","http://rs.tdwg.org/dwc/terms/namePublishedIn",,DBSCHEMA,TEXT
"http://rs.tdwg.org/dwc/terms/namePublishedInYear","http://rs.tdwg.org/dwc/terms/namePublishedInYear",,DBSCHEMA,TEXT
"http://rs.tdwg.org/dwc/terms/higherClassification","http://rs.tdwg.org/dwc/terms/higherClassification",,DBSCHEMA,TEXT
"http://rs.tdwg.org/dwc/terms/kingdom","http://rs.tdwg.org/dwc/terms/kingdom",,DBSCHEMA,TEXT
"http://rs.tdwg.org/dwc/terms/phylum","http://rs.tdwg.org/dwc/terms/phylum",,DBSCHEMA,TEXT
"http://rs.tdwg.org/dwc/terms/class","http://rs.tdwg.org/dwc/terms/class",,DBSCHEMA,TEXT
order_,order_,,DBSCHEMA,TEXT
"http://rs.tdwg.org/dwc/terms/family","http://rs.tdwg.org/dwc/terms/family",,DBSCHEMA,TEXT
"http://rs.tdwg.org/dwc/terms/genus","http://rs.tdwg.org/dwc/terms/genus",,DBSCHEMA,TEXT
"http://rs.tdwg.org/dwc/terms/subgenus","http://rs.tdwg.org/dwc/terms/subgenus",,DBSCHEMA,TEXT
"http://rs.tdwg.org/dwc/terms/specificEpithet","http://rs.tdwg.org/dwc/terms/specificEpithet",,DBSCHEMA,TEXT
"http://rs.tdwg.org/dwc/terms/infraspecificEpithet","http://rs.tdwg.org/dwc/terms/infraspecificEpithet",,DBSCHEMA,TEXT
"http://rs.tdwg.org/dwc/terms/taxonRank","http://rs.tdwg.org/dwc/terms/taxonRank",,DBSCHEMA,TEXT
"http://rs.tdwg.org/dwc/terms/verbatimTaxonRank","http://rs.tdwg.org/dwc/terms/verbatimTaxonRank",,DBSCHEMA,TEXT
"http://rs.tdwg.org/dwc/terms/vernacularName","http://rs.tdwg.org/dwc/terms/vernacularName",,DBSCHEMA,TEXT
"http://rs.tdwg.org/dwc/terms/nomenclaturalCode","http://rs.tdwg.org/dwc/terms/nomenclaturalCode",,DBSCHEMA,TEXT
"http://rs.tdwg.org/dwc/terms/taxonomicStatus","http://rs.tdwg.org/dwc/terms/taxonomicStatus",,DBSCHEMA,TEXT
"http://rs.tdwg.org/dwc/terms/nomenclaturalStatus","http://rs.tdwg.org/dwc/terms/nomenclaturalStatus",,DBSCHEMA,TEXT
"http://rs.tdwg.org/dwc/terms/taxonRemarks","http://rs.tdwg.org/dwc/terms/taxonRemarks",,DBSCHEMA,TEXT
datasetkey,datasetkey,,DBSCHEMA,TEXT
publishingcountry,publishingcountry,,DBSCHEMA,TEXT
lastinterpreted,lastinterpreted,,DBSCHEMA,DECIMAL
elevation,elevation,,DBSCHEMA,DECIMAL
elevationaccuracy,elevationaccuracy,,DBSCHEMA,DECIMAL
depth,depth,,DBSCHEMA,DECIMAL
depthaccuracy,depthaccuracy,,DBSCHEMA,DECIMAL
distanceabovesurface,distanceabovesurface,,DBSCHEMA,TEXT
"distanceabovesurfaceaccuracy","distanceabovesurfaceaccuracy",,DBSCHEMA,TEXT
issue,issue,,DBSCHEMA,TEXT
hascoordinate,hascoordinate,,DBSCHEMA,TEXT
hasgeospatialissues,hasgeospatialissues,,DBSCHEMA,TEXT
taxonkey,taxonkey,,DBSCHEMA,INTEGER
kingdomkey,kingdomkey,,DBSCHEMA,INTEGER
phylumkey,phylumkey,,DBSCHEMA,INTEGER
classkey,classkey,,DBSCHEMA,INTEGER
orderkey,orderkey,,DBSCHEMA,INTEGER
familykey,familykey,,DBSCHEMA,INTEGER
genuskey,genuskey,,DBSCHEMA,INTEGER
subgenuskey,subgenuskey,,DBSCHEMA,TEXT
specieskey,specieskey,,DBSCHEMA,INTEGER
species,species,,DBSCHEMA,TEXT
genericname,genericname,,DBSCHEMA,TEXT
typifiedname,typifiedname,,DBSCHEMA,TEXT
protocol,protocol,,DBSCHEMA,TEXT
lastparsed,lastparsed,,DBSCHEMA,DECIMAL
lastcrawled,lastcrawled,,DBSCHEMA,DECIMAL
repatriated,repatriated,,DBSCHEMA,TEXT
"http://purl.org/dc/terms/MediaType","http://purl.org/dc/terms/MediaType",,DBSCHEMA,TEXT
